Bus_name,Bus_type,Start_time,End_time,Total_duration,Price,Seats_Available,Ratings,Route_link,Route_name
KSRTC (Kerala) - 581,Super Express Non AC Seater Air Bus (2+2),10:03,18:48,08h 45m,INR 469,8 Seats available,"3.9
72",https://www.redbus.in/bus-tickets/bangalore-to-kozhikode,Bangalore to Kozhikode
KSRTC (Kerala) - 52,SWIFT-GARUDA A/C SEATER BUS,12:01,19:55,07h 54m,INR 627,18 Seats available,"3.6
96",https://www.redbus.in/bus-tickets/bangalore-to-kozhikode,Bangalore to Kozhikode
KSRTC (Kerala) - 1378,AC MULTI AXLE,13:46,20:50,07h 04m,INR 729,18 Seats available,"2.6
22",https://www.redbus.in/bus-tickets/bangalore-to-kozhikode,Bangalore to Kozhikode
KSRTC (Kerala) - 129,SWIFT-GARUDA A/C SEATER BUS,14:15,22:50,08h 35m,INR 627,21 Seats available,"4.2
69",https://www.redbus.in/bus-tickets/bangalore-to-kozhikode,Bangalore to Kozhikode
KSRTC (Kerala) - 235,Swift Deluxe Non AC Air Bus (2+2),15:00,00:01,09h 01m,INR 620,27 Seats available,"4.3
9",https://www.redbus.in/bus-tickets/bangalore-to-kozhikode,Bangalore to Kozhikode
KSRTC (Kerala) - 370,AC MULTI AXLE,15:25,22:20,06h 55m,INR 729,26 Seats available,"2.2
36",https://www.redbus.in/bus-tickets/bangalore-to-kozhikode,Bangalore to Kozhikode
KSRTC (Kerala) - 97,Swift Deluxe Non AC Air Bus (2+2),16:02,00:50,08h 48m,INR 567,22 Seats available,"2.8
18",https://www.redbus.in/bus-tickets/bangalore-to-kozhikode,Bangalore to Kozhikode
KSRTC (Kerala) - 171,Swift Deluxe Non AC Air Bus (2+2),16:16,01:20,09h 04m,INR 640,28 Seats available,"3.3
8",https://www.redbus.in/bus-tickets/bangalore-to-kozhikode,Bangalore to Kozhikode
KSRTC (Kerala) - 553,Super Express Non AC Seater Air Bus (2+2),16:45,01:25,08h 40m,INR 640,32 Seats available,"2.0
9",https://www.redbus.in/bus-tickets/bangalore-to-kozhikode,Bangalore to Kozhikode
KSRTC (Kerala) - 51,Swift Deluxe Non AC Air Bus (2+2),19:04,04:24,09h 20m,INR 640,39 Seats available,"4.3
35",https://www.redbus.in/bus-tickets/bangalore-to-kozhikode,Bangalore to Kozhikode
KSRTC (Kerala) - 789,Super Fast Non AC Seater (2+3),20:00,04:25,08h 25m,INR 473,39 Seats available,"3.6
53",https://www.redbus.in/bus-tickets/bangalore-to-kozhikode,Bangalore to Kozhikode
KSRTC (Kerala) - 1585,Super Express Non AC Seater Air Bus (2+2),20:31,05:36,09h 05m,INR 640,30 Seats available,"3.8
47",https://www.redbus.in/bus-tickets/bangalore-to-kozhikode,Bangalore to Kozhikode
KSRTC (Kerala) - 2133,Swift Deluxe Non AC Air Bus (2+2),22:12,07:36,09h 24m,INR 640,32 Seats available,"3.4
12",https://www.redbus.in/bus-tickets/bangalore-to-kozhikode,Bangalore to Kozhikode
KSRTC (Kerala) - 2063,SWIFT-GARUDA A/C SEATER BUS,22:32,07:35,09h 03m,INR 627,13 Seats available,"3.8
35",https://www.redbus.in/bus-tickets/bangalore-to-kozhikode,Bangalore to Kozhikode
KSRTC (Kerala) - 574,Super Express Non AC Seater Air Bus (2+2),23:00,09:30,10h 30m,INR 469,36 Seats available,"3.9
27",https://www.redbus.in/bus-tickets/bangalore-to-kozhikode,Bangalore to Kozhikode
MMK Travels,VE A/C Seater / Sleeper (2+1),22:30,07:30,09h 00m,INR 700,26 Seats available,"4.4
470",https://www.redbus.in/bus-tickets/bangalore-to-kozhikode,Bangalore to Kozhikode
Kyros Connect,Bharat Benz A/C Semi Sleeper (2+2),23:00,09:00,10h 00m,INR 799,38 Seats available,"4.2
332",https://www.redbus.in/bus-tickets/bangalore-to-kozhikode,Bangalore to Kozhikode
NS Transports,Non A/C Seater / Sleeper (2+1),21:45,06:10,08h 25m,INR 700,33 Seats available,"4.2
287",https://www.redbus.in/bus-tickets/bangalore-to-kozhikode,Bangalore to Kozhikode
AdSAAM BUS,Bharat Benz A/C Sleeper (2+1),20:10,06:45,10h 35m,808,27 Seats available,"4.3
106",https://www.redbus.in/bus-tickets/bangalore-to-kozhikode,Bangalore to Kozhikode
P K Travels,A/C Sleeper (2+1),18:45,06:30,11h 45m,INR 1100,20 Seats available,"4.3
110",https://www.redbus.in/bus-tickets/bangalore-to-kozhikode,Bangalore to Kozhikode
KSRTC (Kerala) - 2072,Super Express Non AC Seater Air Bus (2+2),00:30,04:50,04h 20m,INR 268,5 Seats available,"2.9
5",https://www.redbus.in/bus-tickets/kozhikode-to-ernakulam,Kozhikode to Ernakulam
KSRTC (Kerala) - 2368,Low Floor AC Seater 2+2,00:30,05:49,05h 19m,INR 383,21 Seats available,"2.4
6",https://www.redbus.in/bus-tickets/kozhikode-to-ernakulam,Kozhikode to Ernakulam
KSRTC (Kerala) - 1850,Low Floor AC Seater 2+2,02:30,07:49,05h 19m,INR 383,4 Seats available,"1.9
17",https://www.redbus.in/bus-tickets/kozhikode-to-ernakulam,Kozhikode to Ernakulam
KSRTC (Kerala) - 2370,Low Floor AC Seater 2+2,04:30,10:14,05h 44m,INR 383,16 Seats available,"3.3
7",https://www.redbus.in/bus-tickets/kozhikode-to-ernakulam,Kozhikode to Ernakulam
KSRTC (Kerala) - 1865,Low Floor AC Seater 2+2,06:30,12:15,05h 45m,INR 383,13 Seats available,"3.2
9",https://www.redbus.in/bus-tickets/kozhikode-to-ernakulam,Kozhikode to Ernakulam
KSRTC (Kerala) - 794,Super Fast Non AC Seater (2+3),06:40,12:30,05h 50m,INR 269,50 Seats available,"3.2
5",https://www.redbus.in/bus-tickets/kozhikode-to-ernakulam,Kozhikode to Ernakulam
KSRTC (Kerala) - 2710,Super Fast Non AC Seater (2+3),07:20,13:06,05h 46m,INR 269,49 Seats available,3.0,https://www.redbus.in/bus-tickets/kozhikode-to-ernakulam,Kozhikode to Ernakulam
KSRTC (Kerala) - 1870,Low Floor AC Seater 2+2,08:30,14:14,05h 44m,INR 383,16 Seats available,"3.2
9",https://www.redbus.in/bus-tickets/kozhikode-to-ernakulam,Kozhikode to Ernakulam
KSRTC (Kerala) - 764,Super Fast Non AC Seater (2+3),09:00,14:30,05h 30m,INR 269,45 Seats available,3.0,https://www.redbus.in/bus-tickets/kozhikode-to-ernakulam,Kozhikode to Ernakulam
KSRTC (Kerala) - 671,Super Fast Non AC Seater (2+3),09:10,14:01,04h 51m,INR 230,43 Seats available,"2.8
5",https://www.redbus.in/bus-tickets/kozhikode-to-ernakulam,Kozhikode to Ernakulam
KSRTC (Kerala) - 2571,Super Fast Non AC Seater (2+3),09:30,15:55,06h 25m,INR 261,43 Seats available,3.0,https://www.redbus.in/bus-tickets/kozhikode-to-ernakulam,Kozhikode to Ernakulam
KSRTC (Kerala) - 721,Super Fast Non AC Seater (2+3),09:35,15:10,05h 35m,INR 269,41 Seats available,3.0,https://www.redbus.in/bus-tickets/kozhikode-to-ernakulam,Kozhikode to Ernakulam
KSRTC (Kerala) - 2567,Super Fast Non AC Seater (2+3),10:05,16:30,06h 25m,INR 261,39 Seats available,3.0,https://www.redbus.in/bus-tickets/kozhikode-to-ernakulam,Kozhikode to Ernakulam
KSRTC (Kerala) - 353,Super Fast Non AC Seater (2+3),10:15,16:00,05h 45m,INR 269,43 Seats available,3.0,https://www.redbus.in/bus-tickets/kozhikode-to-ernakulam,Kozhikode to Ernakulam
KSRTC (Kerala) - 2371,Low Floor AC Seater 2+2,10:30,15:49,05h 19m,INR 383,10 Seats available,3.0,https://www.redbus.in/bus-tickets/kozhikode-to-ernakulam,Kozhikode to Ernakulam
Madhavi Travels,A/C Semi Sleeper (2+2),00:15,06:15,06h 00m,549,18 Seats available,"4.1
15",https://www.redbus.in/bus-tickets/kozhikode-to-ernakulam,Kozhikode to Ernakulam
Madhavi Travels,A/C Sleeper (2+1),00:25,06:10,05h 45m,INR 799,10 Seats available,"4.2
28",https://www.redbus.in/bus-tickets/kozhikode-to-ernakulam,Kozhikode to Ernakulam
UFO Bus,Volvo Multi-Axle B9R A/c Semi Sleeper (2+2),00:30,05:30,05h 00m,650,25 Seats available,"4.2
14",https://www.redbus.in/bus-tickets/kozhikode-to-ernakulam,Kozhikode to Ernakulam
Madhavi Travels,A/C Semi Sleeper (2+2),00:49,06:20,05h 31m,529,13 Seats available,"3.6
24",https://www.redbus.in/bus-tickets/kozhikode-to-ernakulam,Kozhikode to Ernakulam
Adrin Travels,A/C Seater/Sleeper (2+1),01:20,05:50,04h 30m,INR 649,29 Seats available,"4.6
6",https://www.redbus.in/bus-tickets/kozhikode-to-ernakulam,Kozhikode to Ernakulam
KSRTC (Kerala) - 2132,Swift Deluxe Non AC Air Bus (2+2),07:32,16:29,08h 57m,INR 740,11 Seats available,3.4,https://www.redbus.in/bus-tickets/kozhikode-to-bangalore,Kozhikode to Bangalore
KSRTC (Kerala) - 53,SWIFT-GARUDA A/C SEATER BUS,08:29,16:20,07h 51m,INR 945,17 Seats available,"3.7
63",https://www.redbus.in/bus-tickets/kozhikode-to-bangalore,Kozhikode to Bangalore
KSRTC (Kerala) - 55,SWIFT-GARUDA A/C SEATER BUS,12:02,19:55,07h 53m,INR 945,3 Seats available,"3.3
56",https://www.redbus.in/bus-tickets/kozhikode-to-bangalore,Kozhikode to Bangalore
KSRTC (Kerala) - 805,Super Fast Non AC Seater (2+3),13:32,22:32,09h 00m,INR 432,9 Seats available,"4.1
46",https://www.redbus.in/bus-tickets/kozhikode-to-bangalore,Kozhikode to Bangalore
KSRTC (Kerala) - 72,SWIFT-GARUDA A/C SEATER BUS,19:00,03:35,08h 35m,INR 1037,14 Seats available,"3.8
36",https://www.redbus.in/bus-tickets/kozhikode-to-bangalore,Kozhikode to Bangalore
KSRTC (Kerala) - 1583,Super Express Non AC Seater Air Bus (2+2),20:02,05:21,09h 19m,INR 832,1 Seat available,"4.0
17",https://www.redbus.in/bus-tickets/kozhikode-to-bangalore,Kozhikode to Bangalore
KSRTC (Kerala) - 1584,Super Express Non AC Seater Air Bus (2+2),21:29,06:38,09h 09m,INR 832,5 Seats available,"3.2
24",https://www.redbus.in/bus-tickets/kozhikode-to-bangalore,Kozhikode to Bangalore
KSRTC (Kerala) - 50,Swift Deluxe Non AC Air Bus (2+2),22:06,06:41,08h 35m,INR 832,6 Seats available,"3.3
53",https://www.redbus.in/bus-tickets/kozhikode-to-bangalore,Kozhikode to Bangalore
MMK Travels,VE A/C Seater / Sleeper (2+1),21:30,06:00,08h 30m,INR 999,24 Seats available,"4.3
545",https://www.redbus.in/bus-tickets/kozhikode-to-bangalore,Kozhikode to Bangalore
P K Travels,A/C Sleeper (2+1),20:00,06:00,10h 00m,INR 1500,12 Seats available,"4.3
217",https://www.redbus.in/bus-tickets/kozhikode-to-bangalore,Kozhikode to Bangalore
DLT BUS,A/C Sleeper (2+1),21:45,06:30,08h 45m,INR 1199,15 Seats available,"4.2
304",https://www.redbus.in/bus-tickets/kozhikode-to-bangalore,Kozhikode to Bangalore
AdDA Transports,A/C Sleeper (2+1),22:00,07:45,09h 45m,INR 999,21 Seats available,"3.8
10",https://www.redbus.in/bus-tickets/kozhikode-to-bangalore,Kozhikode to Bangalore
NS Transports,Non A/C Seater / Sleeper (2+1),20:30,06:35,10h 05m,INR 1000,14 Seats available,"4.2
265",https://www.redbus.in/bus-tickets/kozhikode-to-bangalore,Kozhikode to Bangalore
NS Transports,VE A/C Sleeper (2+1),21:16,06:30,09h 14m,INR 1299,19 Seats available,"4.3
114",https://www.redbus.in/bus-tickets/kozhikode-to-bangalore,Kozhikode to Bangalore
Suraj Holidays,VE A/C Sleeper (2+1),22:00,07:15,09h 15m,INR 1100,24 Seats available,"4.0
248",https://www.redbus.in/bus-tickets/kozhikode-to-bangalore,Kozhikode to Bangalore
SAAM BUS,Bharat Benz A/C Sleeper (2+1),20:30,06:15,09h 45m,1140,20 Seats available,"4.3
86",https://www.redbus.in/bus-tickets/kozhikode-to-bangalore,Kozhikode to Bangalore
National travels and logistics,NON A/C Sleeper (2+1),20:45,06:15,09h 30m,1090,18 Seats available,"3.9
212",https://www.redbus.in/bus-tickets/kozhikode-to-bangalore,Kozhikode to Bangalore
Kyros Connect,Bharat Benz A/C Semi Sleeper (2+2),12:15,21:00,08h 45m,INR 999,21 Seats available,"4.3
209",https://www.redbus.in/bus-tickets/kozhikode-to-bangalore,Kozhikode to Bangalore
KSRTC (Kerala) - 425,Super Express Non AC Seater Air Bus (2+2),00:20,04:10,03h 50m,INR 268,20 Seats available,"1.7
6",https://www.redbus.in/bus-tickets/ernakulam-to-kozhikode,Ernakulam to Kozhikode
KSRTC (Kerala) - 528,Super Express Non AC Seater Air Bus (2+2),00:45,04:40,03h 55m,INR 309,15 Seats available,2.9,https://www.redbus.in/bus-tickets/ernakulam-to-kozhikode,Ernakulam to Kozhikode
KSRTC (Kerala) - 1124,Super Express Non AC Seater Air Bus (2+2),01:05,05:45,04h 40m,INR 309,30 Seats available,"2.0
6",https://www.redbus.in/bus-tickets/ernakulam-to-kozhikode,Ernakulam to Kozhikode
KSRTC (Kerala) - 1858,Low Floor AC Seater 2+2,02:39,07:50,05h 11m,INR 383,13 Seats available,"2.7
7",https://www.redbus.in/bus-tickets/ernakulam-to-kozhikode,Ernakulam to Kozhikode
KSRTC (Kerala) - 325,Super Fast Non AC Seater (2+3),03:15,08:35,05h 20m,INR 269,49 Seats available,2.9,https://www.redbus.in/bus-tickets/ernakulam-to-kozhikode,Ernakulam to Kozhikode
KSRTC (Kerala) - 500,Super Express Non AC Seater Air Bus (2+2),03:30,07:25,03h 55m,INR 309,30 Seats available,"2.9
8",https://www.redbus.in/bus-tickets/ernakulam-to-kozhikode,Ernakulam to Kozhikode
KSRTC (Kerala) - 2386,Low Floor AC Seater 2+2,04:28,10:09,05h 41m,INR 383,22 Seats available,2.9,https://www.redbus.in/bus-tickets/ernakulam-to-kozhikode,Ernakulam to Kozhikode
KSRTC (Kerala) - 2717,Super Fast Non AC Seater (2+3),05:19,11:05,05h 46m,INR 209,43 Seats available,2.9,https://www.redbus.in/bus-tickets/ernakulam-to-kozhikode,Ernakulam to Kozhikode
KSRTC (Kerala) - 247,Super Fast Non AC Seater (2+3),06:34,11:50,05h 16m,INR 230,45 Seats available,2.9,https://www.redbus.in/bus-tickets/ernakulam-to-kozhikode,Ernakulam to Kozhikode
KSRTC (Kerala) - 1869,Low Floor AC Seater 2+2,06:34,12:00,05h 26m,INR 383,28 Seats available,"4.2
11",https://www.redbus.in/bus-tickets/ernakulam-to-kozhikode,Ernakulam to Kozhikode
KSRTC (Kerala) - 691,Super Fast Non AC Seater (2+3),07:24,13:25,06h 01m,INR 269,47 Seats available,2.9,https://www.redbus.in/bus-tickets/ernakulam-to-kozhikode,Ernakulam to Kozhikode
KSRTC (Kerala) - 834,Super Fast Non AC Seater (2+3),07:54,12:45,04h 51m,INR 220,48 Seats available,"2.5
9",https://www.redbus.in/bus-tickets/ernakulam-to-kozhikode,Ernakulam to Kozhikode
KSRTC (Kerala) - 1874,Low Floor AC Seater 2+2,08:54,14:25,05h 31m,INR 383,31 Seats available,"4.0
11",https://www.redbus.in/bus-tickets/ernakulam-to-kozhikode,Ernakulam to Kozhikode
KSRTC (Kerala) - 563,Super Express Non AC Seater Air Bus (2+2),09:40,14:40,05h 00m,INR 309,39 Seats available,2.9,https://www.redbus.in/bus-tickets/ernakulam-to-kozhikode,Ernakulam to Kozhikode
KSRTC (Kerala) - 1254,Super Fast Non AC Seater (2+3),09:55,15:15,05h 20m,INR 269,48 Seats available,2.9,https://www.redbus.in/bus-tickets/ernakulam-to-kozhikode,Ernakulam to Kozhikode
A1 Travels,A/C Seater / Sleeper (2+1),01:30,07:00,05h 30m,INR 550,22 Seats available,"3.0
6",https://www.redbus.in/bus-tickets/ernakulam-to-kozhikode,Ernakulam to Kozhikode
Shajees Motors,A/C Semi Sleeper (2+2),19:30,00:40,05h 10m,500,17 Seats available,"3.8
37",https://www.redbus.in/bus-tickets/ernakulam-to-kozhikode,Ernakulam to Kozhikode
Ubc travels,A/C Semi Sleeper (2+2),20:40,01:00,04h 20m,INR 700,17 Seats available,"3.3
9",https://www.redbus.in/bus-tickets/ernakulam-to-kozhikode,Ernakulam to Kozhikode
Ubc travels,A/C Seater/Sleeper (2+1),20:45,03:00,06h 15m,INR 900,35 Seats available,"4.0
5",https://www.redbus.in/bus-tickets/ernakulam-to-kozhikode,Ernakulam to Kozhikode
Kalpaka Travels 1,A/C Sleeper (2+1),20:55,02:30,05h 35m,INR 800,30 Seats available,"5.0
20",https://www.redbus.in/bus-tickets/ernakulam-to-kozhikode,Ernakulam to Kozhikode
KSRTC (Kerala) - 811,Super Fast Non AC Seater (2+3),02:20,08:25,06h 05m,INR 285,45 Seats available,"4.9
5",https://www.redbus.in/bus-tickets/kozhikode-to-mysore,Kozhikode to Mysore
KSRTC (Kerala) - 1127,Super Fast Non AC Seater (2+3),05:01,11:16,06h 15m,INR 273,26 Seats available,"4.1
13",https://www.redbus.in/bus-tickets/kozhikode-to-mysore,Kozhikode to Mysore
KSRTC (Kerala) - 2132,Swift Deluxe Non AC Air Bus (2+2),07:32,12:59,05h 27m,INR 463,9 Seats available,"4.8
5",https://www.redbus.in/bus-tickets/kozhikode-to-mysore,Kozhikode to Mysore
KSRTC (Kerala) - 983,Super Fast Non AC Seater (2+3),08:15,14:45,06h 30m,INR 266,16 Seats available,3.9,https://www.redbus.in/bus-tickets/kozhikode-to-mysore,Kozhikode to Mysore
KSRTC (Kerala) - 53,SWIFT-GARUDA A/C SEATER BUS,08:29,13:20,04h 51m,INR 586,17 Seats available,"2.7
12",https://www.redbus.in/bus-tickets/kozhikode-to-mysore,Kozhikode to Mysore
KSRTC (Kerala) - 791,Super Fast Non AC Seater (2+3),08:45,14:15,05h 30m,INR 285,32 Seats available,3.9,https://www.redbus.in/bus-tickets/kozhikode-to-mysore,Kozhikode to Mysore
KSRTC (Kerala) - 796,Super Fast Non AC Seater (2+3),09:10,14:55,05h 45m,INR 285,38 Seats available,"4.4
15",https://www.redbus.in/bus-tickets/kozhikode-to-mysore,Kozhikode to Mysore
KSRTC (Kerala) - 579,Super Express Non AC Seater Air Bus (2+2),10:00,15:20,05h 20m,INR 396,1 Seat available,"2.5
8",https://www.redbus.in/bus-tickets/kozhikode-to-mysore,Kozhikode to Mysore
KSRTC (Kerala) - 709,Super Fast Non AC Seater (2+3),10:30,16:30,06h 00m,INR 285,44 Seats available,"3.4
9",https://www.redbus.in/bus-tickets/kozhikode-to-mysore,Kozhikode to Mysore
KSRTC (Kerala) - 932,Super Fast Non AC Seater (2+3),11:15,17:00,05h 45m,INR 273,23 Seats available,"3.4
6",https://www.redbus.in/bus-tickets/kozhikode-to-mysore,Kozhikode to Mysore
KSRTC (Kerala) - 55,SWIFT-GARUDA A/C SEATER BUS,12:02,17:05,05h 03m,INR 586,3 Seats available,"3.5
14",https://www.redbus.in/bus-tickets/kozhikode-to-mysore,Kozhikode to Mysore
KSRTC (Kerala) - 1076,Super Fast Non AC Seater (2+3),13:00,19:15,06h 15m,INR 285,34 Seats available,"4.0
9",https://www.redbus.in/bus-tickets/kozhikode-to-mysore,Kozhikode to Mysore
KSRTC (Kerala) - 805,Super Fast Non AC Seater (2+3),13:32,18:42,05h 10m,INR 285,9 Seats available,"3.8
8",https://www.redbus.in/bus-tickets/kozhikode-to-mysore,Kozhikode to Mysore
KSRTC (Kerala) - 897,Super Fast Non AC Seater (2+3),15:01,21:30,06h 29m,INR 273,38 Seats available,"3.6
8",https://www.redbus.in/bus-tickets/kozhikode-to-mysore,Kozhikode to Mysore
KSRTC (Kerala) - 708,Super Fast Non AC Seater (2+3),16:01,21:35,05h 34m,INR 285,39 Seats available,3.9,https://www.redbus.in/bus-tickets/kozhikode-to-mysore,Kozhikode to Mysore
KSRTC (Kerala) - 898,Super Fast Non AC Seater (2+3),16:30,22:15,05h 45m,INR 273,42 Seats available,"4.4
8",https://www.redbus.in/bus-tickets/kozhikode-to-mysore,Kozhikode to Mysore
KSRTC (Kerala) - 72,SWIFT-GARUDA A/C SEATER BUS,19:00,00:30,05h 30m,INR 678,14 Seats available,3.9,https://www.redbus.in/bus-tickets/kozhikode-to-mysore,Kozhikode to Mysore
KSRTC (Kerala) - 1583,Super Express Non AC Seater Air Bus (2+2),20:02,02:01,05h 59m,INR 545,1 Seat available,3.9,https://www.redbus.in/bus-tickets/kozhikode-to-mysore,Kozhikode to Mysore
KSRTC (Kerala) - 1584,Super Express Non AC Seater Air Bus (2+2),21:29,03:33,06h 04m,INR 545,7 Seats available,3.9,https://www.redbus.in/bus-tickets/kozhikode-to-mysore,Kozhikode to Mysore
KSRTC (Kerala) - 50,Swift Deluxe Non AC Air Bus (2+2),22:06,04:01,05h 55m,INR 545,7 Seats available,"4.6
7",https://www.redbus.in/bus-tickets/kozhikode-to-mysore,Kozhikode to Mysore
A1 Travels,Bharat Benz A/C Sleeper (2+1),04:00,08:15,04h 15m,INR 700,35 Seats available,"3.1
14",https://www.redbus.in/bus-tickets/kozhikode-to-mysore,Kozhikode to Mysore
Kyros Connect,Bharat Benz A/C Semi Sleeper (2+2),12:15,18:45,06h 30m,INR 699,27 Seats available,"4.6
23",https://www.redbus.in/bus-tickets/kozhikode-to-mysore,Kozhikode to Mysore
Kallada Travels (Suresh Kallada),A/C Sleeper (2+1),03:30,09:00,05h 30m,INR 600,7 Seats available,"2.7
19",https://www.redbus.in/bus-tickets/kozhikode-to-mysore,Kozhikode to Mysore
Orange Tours And Travels,Bharat Benz A/C Sleeper (2+1),14:00,20:30,06h 30m,INR 1200,21 Seats available,"3.3
6",https://www.redbus.in/bus-tickets/kozhikode-to-mysore,Kozhikode to Mysore
SAAM BUS,Bharat Benz A/C Sleeper (2+1),20:30,04:00,07h 30m,1140,20 Seats available,4.2,https://www.redbus.in/bus-tickets/kozhikode-to-mysore,Kozhikode to Mysore
KSRTC (Kerala) - 2368,Low Floor AC Seater 2+2,00:30,11:05,10h 35m,INR 742,28 Seats available,2.9,https://www.redbus.in/bus-tickets/kozhikode-to-thiruvananthapuram,Kozhikode to Thiruvananthapuram
KSRTC (Kerala) - 2389,Low Floor AC Seater 2+2,01:30,11:35,10h 05m,INR 723,28 Seats available,2.9,https://www.redbus.in/bus-tickets/kozhikode-to-thiruvananthapuram,Kozhikode to Thiruvananthapuram
KSRTC (Kerala) - 1850,Low Floor AC Seater 2+2,02:30,12:50,10h 20m,INR 742,19 Seats available,2.9,https://www.redbus.in/bus-tickets/kozhikode-to-thiruvananthapuram,Kozhikode to Thiruvananthapuram
KSRTC (Kerala) - 1856,Low Floor AC Seater 2+2,03:30,13:45,10h 15m,INR 723,19 Seats available,2.9,https://www.redbus.in/bus-tickets/kozhikode-to-thiruvananthapuram,Kozhikode to Thiruvananthapuram
KSRTC (Kerala) - 2370,Low Floor AC Seater 2+2,04:30,15:10,10h 40m,INR 742,17 Seats available,2.9,https://www.redbus.in/bus-tickets/kozhikode-to-thiruvananthapuram,Kozhikode to Thiruvananthapuram
KSRTC (Kerala) - 2392,Low Floor AC Seater 2+2,05:30,16:10,10h 40m,INR 723,30 Seats available,2.9,https://www.redbus.in/bus-tickets/kozhikode-to-thiruvananthapuram,Kozhikode to Thiruvananthapuram
KSRTC (Kerala) - 1865,Low Floor AC Seater 2+2,06:30,17:21,10h 51m,INR 742,16 Seats available,2.9,https://www.redbus.in/bus-tickets/kozhikode-to-thiruvananthapuram,Kozhikode to Thiruvananthapuram
KSRTC (Kerala) - 794,Super Fast Non AC Seater (2+3),06:40,18:40,12h 00m,INR 515,50 Seats available,2.9,https://www.redbus.in/bus-tickets/kozhikode-to-thiruvananthapuram,Kozhikode to Thiruvananthapuram
KSRTC (Kerala) - 1868,Low Floor AC Seater 2+2,07:30,18:20,10h 50m,INR 723,8 Seats available,2.9,https://www.redbus.in/bus-tickets/kozhikode-to-thiruvananthapuram,Kozhikode to Thiruvananthapuram
KSRTC (Kerala) - 1870,Low Floor AC Seater 2+2,08:30,19:25,10h 55m,INR 742,18 Seats available,2.9,https://www.redbus.in/bus-tickets/kozhikode-to-thiruvananthapuram,Kozhikode to Thiruvananthapuram
KSRTC (Kerala) - 671,Super Fast Non AC Seater (2+3),09:10,19:45,10h 35m,INR 477,41 Seats available,"2.6
4",https://www.redbus.in/bus-tickets/kozhikode-to-thiruvananthapuram,Kozhikode to Thiruvananthapuram
KSRTC (Kerala) - 1873,Low Floor AC Seater 2+2,09:30,20:20,10h 50m,INR 723,18 Seats available,2.9,https://www.redbus.in/bus-tickets/kozhikode-to-thiruvananthapuram,Kozhikode to Thiruvananthapuram
KSRTC (Kerala) - 721,Super Fast Non AC Seater (2+3),09:35,21:10,11h 35m,INR 515,47 Seats available,2.9,https://www.redbus.in/bus-tickets/kozhikode-to-thiruvananthapuram,Kozhikode to Thiruvananthapuram
KSRTC (Kerala) - 2371,Low Floor AC Seater 2+2,10:30,20:50,10h 20m,INR 742,17 Seats available,2.9,https://www.redbus.in/bus-tickets/kozhikode-to-thiruvananthapuram,Kozhikode to Thiruvananthapuram
KSRTC (Kerala) - 773,Super Fast Non AC Seater (2+3),10:55,22:00,11h 05m,INR 515,47 Seats available,2.9,https://www.redbus.in/bus-tickets/kozhikode-to-thiruvananthapuram,Kozhikode to Thiruvananthapuram
KSRTC (Kerala) - 2390,Low Floor AC Seater 2+2,11:30,22:15,10h 45m,INR 723,25 Seats available,2.9,https://www.redbus.in/bus-tickets/kozhikode-to-thiruvananthapuram,Kozhikode to Thiruvananthapuram
KSRTC (Kerala) - 1118,Super Fast Non AC Seater (2+3),11:50,22:45,10h 55m,INR 502,44 Seats available,2.9,https://www.redbus.in/bus-tickets/kozhikode-to-thiruvananthapuram,Kozhikode to Thiruvananthapuram
KSRTC (Kerala) - 1884,Low Floor AC Seater 2+2,12:30,23:00,10h 30m,INR 742,10 Seats available,2.9,https://www.redbus.in/bus-tickets/kozhikode-to-thiruvananthapuram,Kozhikode to Thiruvananthapuram
KSRTC (Kerala) - 1887,Low Floor AC Seater 2+2,13:30,00:00,10h 30m,INR 723,25 Seats available,2.9,https://www.redbus.in/bus-tickets/kozhikode-to-thiruvananthapuram,Kozhikode to Thiruvananthapuram
KSRTC (Kerala) - 596,Super Express Non AC Seater Air Bus (2+2),13:40,23:55,10h 15m,INR 555,30 Seats available,2.9,https://www.redbus.in/bus-tickets/kozhikode-to-thiruvananthapuram,Kozhikode to Thiruvananthapuram
BLM Transports,A/C Sleeper (2+1),22:00,07:00,09h 00m,903,23 Seats available,"4.0
96",https://www.redbus.in/bus-tickets/kozhikode-to-thiruvananthapuram,Kozhikode to Thiruvananthapuram
LIYAS TOURS,Bharat Benz A/C Sleeper (2+1),23:05,07:40,08h 35m,1099,16 Seats available,"4.3
37",https://www.redbus.in/bus-tickets/kozhikode-to-thiruvananthapuram,Kozhikode to Thiruvananthapuram
A1 Travels,A/C Seater / Sleeper (2+1),20:05,05:30,09h 25m,INR 750,34 Seats available,"3.9
156",https://www.redbus.in/bus-tickets/kozhikode-to-thiruvananthapuram,Kozhikode to Thiruvananthapuram
Madhavi Travels,A/C Sleeper (2+1),22:20,06:30,08h 10m,1099,12 Seats available,"3.4
76",https://www.redbus.in/bus-tickets/kozhikode-to-thiruvananthapuram,Kozhikode to Thiruvananthapuram
A1 Travels,NON A/C Semi Sleeper (2+2),21:00,06:00,09h 00m,INR 600,29 Seats available,"3.7
112",https://www.redbus.in/bus-tickets/kozhikode-to-thiruvananthapuram,Kozhikode to Thiruvananthapuram
KSRTC (Kerala) - 581,Super Express Non AC Seater Air Bus (2+2),10:03,16:43,06h 40m,INR 377,9 Seats available,"4.6
23",https://www.redbus.in/bus-tickets/bangalore-to-kalpetta,Bangalore to Kalpetta (kerala)
KSRTC (Kerala) - 52,SWIFT-GARUDA A/C SEATER BUS,12:01,18:20,06h 19m,INR 524,17 Seats available,"4.1
22",https://www.redbus.in/bus-tickets/bangalore-to-kalpetta,Bangalore to Kalpetta (kerala)
KSRTC (Kerala) - 1378,AC MULTI AXLE,13:46,19:20,05h 34m,INR 576,22 Seats available,"2.7
12",https://www.redbus.in/bus-tickets/bangalore-to-kalpetta,Bangalore to Kalpetta (kerala)
KSRTC (Kerala) - 129,SWIFT-GARUDA A/C SEATER BUS,14:15,21:05,06h 50m,INR 524,28 Seats available,"3.1
5",https://www.redbus.in/bus-tickets/bangalore-to-kalpetta,Bangalore to Kalpetta (kerala)
KSRTC (Kerala) - 370,AC MULTI AXLE,15:25,20:55,05h 30m,INR 576,40 Seats available,"3.2
22",https://www.redbus.in/bus-tickets/bangalore-to-kalpetta,Bangalore to Kalpetta (kerala)
KSRTC (Kerala) - 97,Swift Deluxe Non AC Air Bus (2+2),16:02,22:31,06h 29m,INR 475,26 Seats available,"1.9
5",https://www.redbus.in/bus-tickets/bangalore-to-kalpetta,Bangalore to Kalpetta (kerala)
KSRTC (Kerala) - 171,Swift Deluxe Non AC Air Bus (2+2),16:16,23:30,07h 14m,INR 548,33 Seats available,"3.9
4",https://www.redbus.in/bus-tickets/bangalore-to-kalpetta,Bangalore to Kalpetta (kerala)
KSRTC (Kerala) - 553,Super Express Non AC Seater Air Bus (2+2),16:45,00:10,07h 25m,INR 548,38 Seats available,3.8,https://www.redbus.in/bus-tickets/bangalore-to-kalpetta,Bangalore to Kalpetta (kerala)
KSRTC (Kerala) - 51,Swift Deluxe Non AC Air Bus (2+2),19:04,02:50,07h 46m,INR 548,39 Seats available,3.8,https://www.redbus.in/bus-tickets/bangalore-to-kalpetta,Bangalore to Kalpetta (kerala)
KSRTC (Kerala) - 789,Super Fast Non AC Seater (2+3),20:00,02:05,06h 05m,INR 473,40 Seats available,3.8,https://www.redbus.in/bus-tickets/bangalore-to-kalpetta,Bangalore to Kalpetta (kerala)
KSRTC (Kerala) - 1585,Super Express Non AC Seater Air Bus (2+2),20:31,03:41,07h 10m,INR 548,36 Seats available,3.8,https://www.redbus.in/bus-tickets/bangalore-to-kalpetta,Bangalore to Kalpetta (kerala)
KSRTC (Kerala) - 1586,Super Express Non AC Seater Air Bus (2+2),21:31,04:46,07h 15m,INR 548,39 Seats available,3.8,https://www.redbus.in/bus-tickets/bangalore-to-kalpetta,Bangalore to Kalpetta (kerala)
KSRTC (Kerala) - 2133,Swift Deluxe Non AC Air Bus (2+2),22:12,06:01,07h 49m,INR 548,32 Seats available,"3.5
4",https://www.redbus.in/bus-tickets/bangalore-to-kalpetta,Bangalore to Kalpetta (kerala)
KSRTC (Kerala) - 2063,SWIFT-GARUDA A/C SEATER BUS,22:32,05:15,06h 43m,INR 524,16 Seats available,"4.3
8",https://www.redbus.in/bus-tickets/bangalore-to-kalpetta,Bangalore to Kalpetta (kerala)
KSRTC (Kerala) - 574,Super Express Non AC Seater Air Bus (2+2),23:00,07:30,08h 30m,INR 377,39 Seats available,"3.6
17",https://www.redbus.in/bus-tickets/bangalore-to-kalpetta,Bangalore to Kalpetta (kerala)
Kyros Connect,Bharat Benz A/C Semi Sleeper (2+2),23:00,07:20,08h 20m,INR 799,38 Seats available,"4.6
70",https://www.redbus.in/bus-tickets/bangalore-to-kalpetta,Bangalore to Kalpetta (kerala)
MMK Travels,VE A/C Seater / Sleeper (2+1),22:30,05:30,07h 00m,INR 700,25 Seats available,"4.5
76",https://www.redbus.in/bus-tickets/bangalore-to-kalpetta,Bangalore to Kalpetta (kerala)
Suraj Holidays,VE A/C Sleeper (2+1),22:30,06:15,07h 45m,INR 900,25 Seats available,"4.7
48",https://www.redbus.in/bus-tickets/bangalore-to-kalpetta,Bangalore to Kalpetta (kerala)
Kyros Connect,Bharat Benz A/C Semi Sleeper (2+2),23:00,07:30,08h 30m,INR 799,40 Seats available,"3.9
100",https://www.redbus.in/bus-tickets/bangalore-to-kalpetta,Bangalore to Kalpetta (kerala)
DLT BUS,A/C Sleeper (2+1),22:30,05:30,07h 00m,INR 899,23 Seats available,"4.1
175",https://www.redbus.in/bus-tickets/bangalore-to-kalpetta,Bangalore to Kalpetta (kerala)
KSRTC (Kerala) - 2133,Swift Deluxe Non AC Air Bus (2+2),01:01,07:36,06h 35m,INR 419,11 Seats available,4.0,https://www.redbus.in/bus-tickets/mysore-to-kozhikode,Mysore to Kozhikode
KSRTC (Kerala) - 2063,SWIFT-GARUDA A/C SEATER BUS,01:30,07:35,06h 05m,INR 391,2 Seats available,4.0,https://www.redbus.in/bus-tickets/mysore-to-kozhikode,Mysore to Kozhikode
KSRTC (Kerala) - 574,Super Express Non AC Seater Air Bus (2+2),02:00,09:30,07h 30m,INR 306,17 Seats available,4.0,https://www.redbus.in/bus-tickets/mysore-to-kozhikode,Mysore to Kozhikode
KSRTC (Kerala) - 56,SWIFT-GARUDA A/C SEATER BUS,02:20,09:05,06h 45m,INR 391,24 Seats available,4.0,https://www.redbus.in/bus-tickets/mysore-to-kozhikode,Mysore to Kozhikode
KSRTC (Kerala) - 583,Super Express Non AC Seater Air Bus (2+2),02:30,09:35,07h 05m,INR 306,12 Seats available,4.0,https://www.redbus.in/bus-tickets/mysore-to-kozhikode,Mysore to Kozhikode
KSRTC (Kerala) - 713,Super Fast Non AC Seater (2+3),04:30,10:45,06h 15m,INR 285,48 Seats available,"4.9
7",https://www.redbus.in/bus-tickets/mysore-to-kozhikode,Mysore to Kozhikode
KSRTC (Kerala) - 894,Super Fast Non AC Seater (2+3),07:01,13:11,06h 10m,INR 273,38 Seats available,"4.0
8",https://www.redbus.in/bus-tickets/mysore-to-kozhikode,Mysore to Kozhikode
KSRTC (Kerala) - 933,Super Fast Non AC Seater (2+3),09:00,15:10,06h 10m,INR 273,40 Seats available,4.0,https://www.redbus.in/bus-tickets/mysore-to-kozhikode,Mysore to Kozhikode
KSRTC (Kerala) - 718,Super Fast Non AC Seater (2+3),10:15,16:05,05h 50m,INR 285,45 Seats available,"4.8
30",https://www.redbus.in/bus-tickets/mysore-to-kozhikode,Mysore to Kozhikode
KSRTC (Kerala) - 581,Super Express Non AC Seater Air Bus (2+2),13:18,18:48,05h 30m,INR 306,22 Seats available,4.0,https://www.redbus.in/bus-tickets/mysore-to-kozhikode,Mysore to Kozhikode
KSRTC (Kerala) - 814,Super Fast Non AC Seater (2+3),13:25,19:15,05h 50m,INR 285,48 Seats available,"2.8
6",https://www.redbus.in/bus-tickets/mysore-to-kozhikode,Mysore to Kozhikode
KSRTC (Kerala) - 1129,Super Fast Non AC Seater (2+3),14:01,20:16,06h 15m,INR 273,42 Seats available,"3.4
8",https://www.redbus.in/bus-tickets/mysore-to-kozhikode,Mysore to Kozhikode
KSRTC (Kerala) - 567,Super Express Non AC Seater Air Bus (2+2),14:46,20:40,05h 54m,INR 306,34 Seats available,4.0,https://www.redbus.in/bus-tickets/mysore-to-kozhikode,Mysore to Kozhikode
KSRTC (Kerala) - 52,SWIFT-GARUDA A/C SEATER BUS,14:50,19:55,05h 05m,INR 391,17 Seats available,"1.8
9",https://www.redbus.in/bus-tickets/mysore-to-kozhikode,Mysore to Kozhikode
KSRTC (Kerala) - 1193,Super Fast Non AC Seater (2+3),15:45,21:35,05h 50m,INR 285,49 Seats available,"4.6
10",https://www.redbus.in/bus-tickets/mysore-to-kozhikode,Mysore to Kozhikode
KSRTC (Kerala) - 1378,AC MULTI AXLE,16:26,20:50,04h 24m,INR 494,31 Seats available,4.0,https://www.redbus.in/bus-tickets/mysore-to-kozhikode,Mysore to Kozhikode
KSRTC (Kerala) - 712,Super Fast Non AC Seater (2+3),16:45,22:30,05h 45m,INR 285,50 Seats available,"3.4
9",https://www.redbus.in/bus-tickets/mysore-to-kozhikode,Mysore to Kozhikode
KSRTC (Kerala) - 798,Super Fast Non AC Seater (2+3),17:00,23:00,06h 00m,INR 285,44 Seats available,4.0,https://www.redbus.in/bus-tickets/mysore-to-kozhikode,Mysore to Kozhikode
KSRTC (Kerala) - 2472,Garuda Premium,17:00,22:00,05h 00m,INR 1212,25 Seats available,4.0,https://www.redbus.in/bus-tickets/mysore-to-kozhikode,Mysore to Kozhikode
KSRTC (Kerala) - 235,Swift Deluxe Non AC Air Bus (2+2),17:30,00:01,06h 31m,INR 398,30 Seats available,4.0,https://www.redbus.in/bus-tickets/mysore-to-kozhikode,Mysore to Kozhikode
MMK Travels,VE A/C Seater / Sleeper (2+1),00:30,07:30,07h 00m,INR 700,22 Seats available,"3.4
5",https://www.redbus.in/bus-tickets/mysore-to-kozhikode,Mysore to Kozhikode
SAAM BUS,Bharat Benz A/C Sleeper (2+1),00:30,06:45,06h 15m,760,13 Seats available,4.2,https://www.redbus.in/bus-tickets/mysore-to-kozhikode,Mysore to Kozhikode
LIYAS TOURS,Bharat Benz A/C Sleeper (2+1),17:25,23:05,05h 40m,599,22 Seats available,"4.1
30",https://www.redbus.in/bus-tickets/mysore-to-kozhikode,Mysore to Kozhikode
A1 Travels,Bharat Benz A/C Sleeper (2+1),17:30,23:30,06h 00m,INR 500,25 Seats available,3.3,https://www.redbus.in/bus-tickets/mysore-to-kozhikode,Mysore to Kozhikode
Suraj Holidays,NON AC Seater / Sleeper 2+1,23:00,06:00,07h 00m,INR 750,23 Seats available,"4.3
11",https://www.redbus.in/bus-tickets/mysore-to-kozhikode,Mysore to Kozhikode
KSRTC (Kerala) - 2132,Swift Deluxe Non AC Air Bus (2+2),09:19,16:29,07h 10m,INR 617,10 Seats available,"4.8
4",https://www.redbus.in/bus-tickets/kalpetta-to-bangalore,Kalpetta (kerala) to Bangalore
KSRTC (Kerala) - 580,Super Express Non AC Seater Air Bus (2+2),09:46,16:36,06h 50m,INR 483,1 Seat available,"3.7
7",https://www.redbus.in/bus-tickets/kalpetta-to-bangalore,Kalpetta (kerala) to Bangalore
KSRTC (Kerala) - 53,SWIFT-GARUDA A/C SEATER BUS,09:50,16:20,06h 30m,INR 791,18 Seats available,"3.7
28",https://www.redbus.in/bus-tickets/kalpetta-to-bangalore,Kalpetta (kerala) to Bangalore
KSRTC (Kerala) - 55,SWIFT-GARUDA A/C SEATER BUS,13:35,19:55,06h 20m,INR 791,3 Seats available,"3.8
31",https://www.redbus.in/bus-tickets/kalpetta-to-bangalore,Kalpetta (kerala) to Bangalore
KSRTC (Kerala) - 805,Super Fast Non AC Seater (2+3),15:32,22:32,07h 00m,INR 348,9 Seats available,"3.8
11",https://www.redbus.in/bus-tickets/kalpetta-to-bangalore,Kalpetta (kerala) to Bangalore
KSRTC (Kerala) - 72,SWIFT-GARUDA A/C SEATER BUS,20:35,03:35,07h 00m,INR 883,16 Seats available,"3.4
21",https://www.redbus.in/bus-tickets/kalpetta-to-bangalore,Kalpetta (kerala) to Bangalore
KSRTC (Kerala) - 1583,Super Express Non AC Seater Air Bus (2+2),21:57,05:21,07h 24m,INR 709,1 Seat available,"3.6
6",https://www.redbus.in/bus-tickets/kalpetta-to-bangalore,Kalpetta (kerala) to Bangalore
KSRTC (Kerala) - 1353,Super Express Non AC Seater Air Bus (2+2),22:00,05:10,07h 10m,INR 935,26 Seats available,3.5,https://www.redbus.in/bus-tickets/kalpetta-to-bangalore,Kalpetta (kerala) to Bangalore
KSRTC (Kerala) - 197,Super Deluxe Non AC Seater Air Bus (2+2),22:35,06:30,07h 55m,INR 760,9 Seats available,"2.0
9",https://www.redbus.in/bus-tickets/kalpetta-to-bangalore,Kalpetta (kerala) to Bangalore
KSRTC (Kerala) - 1584,Super Express Non AC Seater Air Bus (2+2),23:29,06:38,07h 09m,INR 709,5 Seats available,"3.4
13",https://www.redbus.in/bus-tickets/kalpetta-to-bangalore,Kalpetta (kerala) to Bangalore
KSRTC (Kerala) - 50,Swift Deluxe Non AC Air Bus (2+2),23:51,06:41,06h 50m,INR 709,6 Seats available,"4.1
9",https://www.redbus.in/bus-tickets/kalpetta-to-bangalore,Kalpetta (kerala) to Bangalore
Kyros Connect,Bharat Benz A/C Semi Sleeper (2+2),13:55,21:00,07h 05m,INR 999,21 Seats available,"4.5
129",https://www.redbus.in/bus-tickets/kalpetta-to-bangalore,Kalpetta (kerala) to Bangalore
MMK Travels,VE A/C Seater / Sleeper (2+1),23:45,06:00,06h 15m,INR 999,24 Seats available,"4.3
79",https://www.redbus.in/bus-tickets/kalpetta-to-bangalore,Kalpetta (kerala) to Bangalore
DLT BUS,A/C Sleeper (2+1),23:45,06:30,06h 45m,INR 1199,15 Seats available,"4.0
97",https://www.redbus.in/bus-tickets/kalpetta-to-bangalore,Kalpetta (kerala) to Bangalore
MMK Travels,VE A/C Seater / Sleeper (2+1),23:45,06:00,06h 15m,INR 999,20 Seats available,"4.7
39",https://www.redbus.in/bus-tickets/kalpetta-to-bangalore,Kalpetta (kerala) to Bangalore
Suraj Holidays,VE A/C Sleeper (2+1),23:58,07:15,07h 17m,INR 1100,26 Seats available,"3.8
47",https://www.redbus.in/bus-tickets/kalpetta-to-bangalore,Kalpetta (kerala) to Bangalore
KSRTC (Kerala) - 2368,Low Floor AC Seater 2+2,00:30,03:35,03h 05m,INR 253,24 Seats available,3.1,https://www.redbus.in/bus-tickets/kozhikode-to-thrissur,Kozhikode to Thrissur
KSRTC (Kerala) - 525,Super Express Non AC Seater Air Bus (2+2),00:35,03:00,02h 25m,INR 216,31 Seats available,3.1,https://www.redbus.in/bus-tickets/kozhikode-to-thrissur,Kozhikode to Thrissur
KSRTC (Kerala) - 315,Super Fast Non AC Seater (2+3),00:40,03:55,03h 15m,INR 181,46 Seats available,3.1,https://www.redbus.in/bus-tickets/kozhikode-to-thrissur,Kozhikode to Thrissur
KSRTC (Kerala) - 2389,Low Floor AC Seater 2+2,01:30,04:35,03h 05m,INR 253,29 Seats available,3.1,https://www.redbus.in/bus-tickets/kozhikode-to-thrissur,Kozhikode to Thrissur
KSRTC (Kerala) - 1850,Low Floor AC Seater 2+2,02:30,05:35,03h 05m,INR 253,6 Seats available,3.1,https://www.redbus.in/bus-tickets/kozhikode-to-thrissur,Kozhikode to Thrissur
KSRTC (Kerala) - 1856,Low Floor AC Seater 2+2,03:30,06:35,03h 05m,INR 253,18 Seats available,"4.1
5",https://www.redbus.in/bus-tickets/kozhikode-to-thrissur,Kozhikode to Thrissur
KSRTC (Kerala) - 2713,Super Fast Non AC Seater (2+3),04:00,07:20,03h 20m,INR 166,47 Seats available,3.1,https://www.redbus.in/bus-tickets/kozhikode-to-thrissur,Kozhikode to Thrissur
KSRTC (Kerala) - 832,Super Fast Non AC Seater (2+3),04:00,07:20,03h 20m,INR 166,50 Seats available,"2.0
6",https://www.redbus.in/bus-tickets/kozhikode-to-thrissur,Kozhikode to Thrissur
KSRTC (Kerala) - 2370,Low Floor AC Seater 2+2,04:30,07:50,03h 20m,INR 253,21 Seats available,3.1,https://www.redbus.in/bus-tickets/kozhikode-to-thrissur,Kozhikode to Thrissur
KSRTC (Kerala) - 92,Swift Deluxe Non AC Air Bus (2+2),05:20,08:20,03h 00m,INR 216,3 Seats available,3.1,https://www.redbus.in/bus-tickets/kozhikode-to-thrissur,Kozhikode to Thrissur
KSRTC (Kerala) - 2392,Low Floor AC Seater 2+2,05:30,08:50,03h 20m,INR 253,31 Seats available,3.1,https://www.redbus.in/bus-tickets/kozhikode-to-thrissur,Kozhikode to Thrissur
KSRTC (Kerala) - 1865,Low Floor AC Seater 2+2,06:30,10:00,03h 30m,INR 253,17 Seats available,"3.4
8",https://www.redbus.in/bus-tickets/kozhikode-to-thrissur,Kozhikode to Thrissur
KSRTC (Kerala) - 794,Super Fast Non AC Seater (2+3),06:40,10:20,03h 40m,INR 181,50 Seats available,3.1,https://www.redbus.in/bus-tickets/kozhikode-to-thrissur,Kozhikode to Thrissur
KSRTC (Kerala) - 2710,Super Fast Non AC Seater (2+3),07:20,11:05,03h 45m,INR 181,49 Seats available,3.1,https://www.redbus.in/bus-tickets/kozhikode-to-thrissur,Kozhikode to Thrissur
KSRTC (Kerala) - 1868,Low Floor AC Seater 2+2,07:30,11:00,03h 30m,INR 253,27 Seats available,"1.7
4",https://www.redbus.in/bus-tickets/kozhikode-to-thrissur,Kozhikode to Thrissur
Madhavi Travels,A/C Semi Sleeper (2+2),00:15,04:00,03h 45m,549,18 Seats available,4.0,https://www.redbus.in/bus-tickets/kozhikode-to-thrissur,Kozhikode to Thrissur
Madhavi Travels,A/C Sleeper (2+1),00:25,03:45,03h 20m,INR 799,10 Seats available,4.0,https://www.redbus.in/bus-tickets/kozhikode-to-thrissur,Kozhikode to Thrissur
Ubc travels,A/C Semi Sleeper (2+2),00:25,03:00,02h 35m,INR 700,27 Seats available,3.8,https://www.redbus.in/bus-tickets/kozhikode-to-thrissur,Kozhikode to Thrissur
UFO Bus,Volvo Multi-Axle B9R A/c Semi Sleeper (2+2),00:30,03:30,03h 00m,650,28 Seats available,4.0,https://www.redbus.in/bus-tickets/kozhikode-to-thrissur,Kozhikode to Thrissur
Madhavi Travels,A/C Semi Sleeper (2+2),00:45,04:05,03h 20m,529,22 Seats available,4.0,https://www.redbus.in/bus-tickets/kozhikode-to-thrissur,Kozhikode to Thrissur
KSRTC (Kerala) - 2386,Low Floor AC Seater 2+2,00:00,10:09,10h 09m,INR 742,12 Seats available,3.2,https://www.redbus.in/bus-tickets/thiruvananthapuram-to-kozhikode,Thiruvananthapuram to Kozhikode
KSRTC (Kerala) - 1869,Low Floor AC Seater 2+2,02:00,12:00,10h 00m,INR 742,11 Seats available,3.2,https://www.redbus.in/bus-tickets/thiruvananthapuram-to-kozhikode,Thiruvananthapuram to Kozhikode
KSRTC (Kerala) - 1871,Low Floor AC Seater 2+2,03:00,13:00,10h 00m,INR 723,6 Seats available,3.2,https://www.redbus.in/bus-tickets/thiruvananthapuram-to-kozhikode,Thiruvananthapuram to Kozhikode
KSRTC (Kerala) - 1874,Low Floor AC Seater 2+2,04:00,14:25,10h 25m,INR 742,24 Seats available,3.2,https://www.redbus.in/bus-tickets/thiruvananthapuram-to-kozhikode,Thiruvananthapuram to Kozhikode
KSRTC (Kerala) - 2363,Low Floor AC Seater 2+2,05:00,15:15,10h 15m,INR 723,11 Seats available,3.2,https://www.redbus.in/bus-tickets/thiruvananthapuram-to-kozhikode,Thiruvananthapuram to Kozhikode
KSRTC (Kerala) - 563,Super Express Non AC Seater Air Bus (2+2),05:15,14:40,09h 25m,INR 586,26 Seats available,3.2,https://www.redbus.in/bus-tickets/thiruvananthapuram-to-kozhikode,Thiruvananthapuram to Kozhikode
KSRTC (Kerala) - 2381,Low Floor AC Seater 2+2,06:00,15:08,09h 08m,INR 742,1 Seat available,3.2,https://www.redbus.in/bus-tickets/thiruvananthapuram-to-kozhikode,Thiruvananthapuram to Kozhikode
KSRTC (Kerala) - 1885,Low Floor AC Seater 2+2,07:00,17:50,10h 50m,INR 723,13 Seats available,3.2,https://www.redbus.in/bus-tickets/thiruvananthapuram-to-kozhikode,Thiruvananthapuram to Kozhikode
KSRTC (Kerala) - 277,Super Fast Non AC Seater (2+3),07:30,18:55,11h 25m,INR 516,48 Seats available,3.2,https://www.redbus.in/bus-tickets/thiruvananthapuram-to-kozhikode,Thiruvananthapuram to Kozhikode
KSRTC (Kerala) - 722,Super Fast Non AC Seater (2+3),07:45,19:25,11h 40m,INR 515,42 Seats available,3.2,https://www.redbus.in/bus-tickets/thiruvananthapuram-to-kozhikode,Thiruvananthapuram to Kozhikode
KSRTC (Kerala) - 1888,Low Floor AC Seater 2+2,08:00,18:45,10h 45m,INR 742,8 Seats available,3.2,https://www.redbus.in/bus-tickets/thiruvananthapuram-to-kozhikode,Thiruvananthapuram to Kozhikode
KSRTC (Kerala) - 780,Super Fast Non AC Seater (2+3),08:05,19:10,11h 05m,INR 515,47 Seats available,3.2,https://www.redbus.in/bus-tickets/thiruvananthapuram-to-kozhikode,Thiruvananthapuram to Kozhikode
KSRTC (Kerala) - 1119,Super Fast Non AC Seater (2+3),08:15,20:00,11h 45m,INR 502,45 Seats available,3.2,https://www.redbus.in/bus-tickets/thiruvananthapuram-to-kozhikode,Thiruvananthapuram to Kozhikode
KSRTC (Kerala) - 2365,Low Floor AC Seater 2+2,09:00,19:45,10h 45m,INR 723,15 Seats available,3.2,https://www.redbus.in/bus-tickets/thiruvananthapuram-to-kozhikode,Thiruvananthapuram to Kozhikode
KSRTC (Kerala) - 2385,Low Floor AC Seater 2+2,10:00,20:45,10h 45m,INR 742,2 Seats available,3.2,https://www.redbus.in/bus-tickets/thiruvananthapuram-to-kozhikode,Thiruvananthapuram to Kozhikode
KSRTC (Kerala) - 1886,Low Floor AC Seater 2+2,11:00,21:20,10h 20m,INR 723,6 Seats available,3.2,https://www.redbus.in/bus-tickets/thiruvananthapuram-to-kozhikode,Thiruvananthapuram to Kozhikode
KSRTC (Kerala) - 1867,Low Floor AC Seater 2+2,12:00,22:00,10h 00m,INR 742,1 Seat available,3.2,https://www.redbus.in/bus-tickets/thiruvananthapuram-to-kozhikode,Thiruvananthapuram to Kozhikode
KSRTC (Kerala) - 1877,Low Floor AC Seater 2+2,13:00,23:20,10h 20m,INR 723,9 Seats available,3.2,https://www.redbus.in/bus-tickets/thiruvananthapuram-to-kozhikode,Thiruvananthapuram to Kozhikode
KSRTC (Kerala) - 588,Super Express Non AC Seater Air Bus (2+2),13:32,00:00,10h 28m,INR 555,19 Seats available,3.2,https://www.redbus.in/bus-tickets/thiruvananthapuram-to-kozhikode,Thiruvananthapuram to Kozhikode
KSRTC (Kerala) - 2367,Low Floor AC Seater 2+2,14:00,00:30,10h 30m,INR 742,3 Seats available,3.2,https://www.redbus.in/bus-tickets/thiruvananthapuram-to-kozhikode,Thiruvananthapuram to Kozhikode
BLM Transports,A/C Sleeper (2+1),20:15,05:00,08h 45m,1093,19 Seats available,"4.4
102",https://www.redbus.in/bus-tickets/thiruvananthapuram-to-kozhikode,Thiruvananthapuram to Kozhikode
Madhavi Travels,A/C Sleeper (2+1),19:50,04:30,08h 40m,1099,13 Seats available,"4.4
62",https://www.redbus.in/bus-tickets/thiruvananthapuram-to-kozhikode,Thiruvananthapuram to Kozhikode
A1 Travels,A/C Seater / Sleeper (2+1),21:35,07:00,09h 25m,INR 750,30 Seats available,"3.5
67",https://www.redbus.in/bus-tickets/thiruvananthapuram-to-kozhikode,Thiruvananthapuram to Kozhikode
A1 Travels,NON A/C Semi Sleeper (2+2),21:00,06:30,09h 30m,INR 600,17 Seats available,"3.3
58",https://www.redbus.in/bus-tickets/thiruvananthapuram-to-kozhikode,Thiruvananthapuram to Kozhikode
EMERALD TRAVELS,Bharat Benz A/C Semi Sleeper (2+2),19:30,04:30,09h 00m,INR 800,31 Seats available,"1.9
16",https://www.redbus.in/bus-tickets/thiruvananthapuram-to-kozhikode,Thiruvananthapuram to Kozhikode
KSRTC (Kerala) - 2072,Super Express Non AC Seater Air Bus (2+2),00:30,06:20,05h 50m,INR 350,5 Seats available,2.5,https://www.redbus.in/bus-tickets/kozhikode-to-kottayam,Kozhikode to Kottayam
KSRTC (Kerala) - 525,Super Express Non AC Seater Air Bus (2+2),00:35,05:20,04h 45m,INR 381,31 Seats available,2.5,https://www.redbus.in/bus-tickets/kozhikode-to-kottayam,Kozhikode to Kottayam
KSRTC (Kerala) - 315,Super Fast Non AC Seater (2+3),00:40,07:10,06h 30m,INR 332,41 Seats available,2.5,https://www.redbus.in/bus-tickets/kozhikode-to-kottayam,Kozhikode to Kottayam
KSRTC (Kerala) - 2389,Low Floor AC Seater 2+2,01:30,07:50,06h 20m,INR 475,28 Seats available,"3.3
4",https://www.redbus.in/bus-tickets/kozhikode-to-kottayam,Kozhikode to Kottayam
KSRTC (Kerala) - 1856,Low Floor AC Seater 2+2,03:30,10:15,06h 45m,INR 475,8 Seats available,2.5,https://www.redbus.in/bus-tickets/kozhikode-to-kottayam,Kozhikode to Kottayam
KSRTC (Kerala) - 1868,Low Floor AC Seater 2+2,07:30,14:40,07h 10m,INR 475,12 Seats available,"4.1
4",https://www.redbus.in/bus-tickets/kozhikode-to-kottayam,Kozhikode to Kottayam
KSRTC (Kerala) - 851,Super Fast Non AC Seater (2+3),08:15,15:10,06h 55m,INR 332,46 Seats available,2.5,https://www.redbus.in/bus-tickets/kozhikode-to-kottayam,Kozhikode to Kottayam
KSRTC (Kerala) - 2006,Super Fast Non AC Seater (2+3),08:35,16:30,07h 55m,INR 332,47 Seats available,2.5,https://www.redbus.in/bus-tickets/kozhikode-to-kottayam,Kozhikode to Kottayam
KSRTC (Kerala) - 761,Super Fast Non AC Seater (2+3),08:45,15:55,07h 10m,INR 332,45 Seats available,2.5,https://www.redbus.in/bus-tickets/kozhikode-to-kottayam,Kozhikode to Kottayam
KSRTC (Kerala) - 1873,Low Floor AC Seater 2+2,09:30,16:40,07h 10m,INR 475,20 Seats available,2.5,https://www.redbus.in/bus-tickets/kozhikode-to-kottayam,Kozhikode to Kottayam
KSRTC (Kerala) - 848,Super Fast Non AC Seater (2+3),10:10,17:20,07h 10m,INR 332,38 Seats available,2.5,https://www.redbus.in/bus-tickets/kozhikode-to-kottayam,Kozhikode to Kottayam
KSRTC (Kerala) - 755,Super Fast Non AC Seater (2+3),11:15,18:15,07h 00m,INR 332,44 Seats available,2.5,https://www.redbus.in/bus-tickets/kozhikode-to-kottayam,Kozhikode to Kottayam
KSRTC (Kerala) - 2390,Low Floor AC Seater 2+2,11:30,18:50,07h 20m,INR 475,21 Seats available,2.5,https://www.redbus.in/bus-tickets/kozhikode-to-kottayam,Kozhikode to Kottayam
KSRTC (Kerala) - 324,Super Fast Non AC Seater (2+3),11:35,18:25,06h 50m,INR 332,46 Seats available,2.5,https://www.redbus.in/bus-tickets/kozhikode-to-kottayam,Kozhikode to Kottayam
KSRTC (Kerala) - 1118,Super Fast Non AC Seater (2+3),11:50,19:00,07h 10m,INR 332,44 Seats available,2.5,https://www.redbus.in/bus-tickets/kozhikode-to-kottayam,Kozhikode to Kottayam
Kallada Travels (Suresh Kallada),A/C Sleeper (2+1),02:01,07:55,05h 54m,INR 1000,20 Seats available,"4.5
4",https://www.redbus.in/bus-tickets/kozhikode-to-kottayam,Kozhikode to Kottayam
Sonia Travels,A/C Seater/Sleeper (2+1),23:30,06:15,06h 45m,INR 750,21 Seats available,4.3,https://www.redbus.in/bus-tickets/kozhikode-to-kottayam,Kozhikode to Kottayam
Madhavi Travels,Volvo A/C Semi Sleeper (2+2),23:30,04:50,05h 20m,999,26 Seats available,4.0,https://www.redbus.in/bus-tickets/kozhikode-to-kottayam,Kozhikode to Kottayam
Ubc travels,A/C Semi Sleeper (2+2),00:25,07:50,07h 25m,INR 700,27 Seats available,3.8,https://www.redbus.in/bus-tickets/kozhikode-to-kottayam,Kozhikode to Kottayam
Ubc travels,A/C Seater/Sleeper (2+1),01:45,08:00,06h 15m,INR 900,36 Seats available,3.8,https://www.redbus.in/bus-tickets/kozhikode-to-kottayam,Kozhikode to Kottayam
KSRTC (Kerala) - 100,Swift Deluxe Non AC Air Bus (2+2),19:03,02:21,07h 18m,INR 709,8 Seats available,"4.6
31",https://www.redbus.in/bus-tickets/kannur-to-bangalore,Kannur to Bangalore
KSRTC (Kerala) - 133,Swift Deluxe Non AC Air Bus (2+2),21:00,05:15,08h 15m,INR 740,1 Seat available,"4.0
33",https://www.redbus.in/bus-tickets/kannur-to-bangalore,Kannur to Bangalore
NS Transports,A/C Sleeper (2+1),21:15,05:30,08h 15m,INR 1350,2 Seats available,"4.6
278",https://www.redbus.in/bus-tickets/kannur-to-bangalore,Kannur to Bangalore
Ashoka Travel and Logistics,A/C Sleeper (2+1),21:15,05:30,08h 15m,INR 1300,1 Seat available,"4.5
211",https://www.redbus.in/bus-tickets/kannur-to-bangalore,Kannur to Bangalore
MMK Travels,A/C Sleeper (2+1),21:30,06:00,08h 30m,INR 1299,15 Seats available,"4.4
238",https://www.redbus.in/bus-tickets/kannur-to-bangalore,Kannur to Bangalore
NS Transports,Non A/C Seater / Sleeper (2+1),20:30,05:20,08h 50m,INR 1000,4 Seats available,"4.0
184",https://www.redbus.in/bus-tickets/kannur-to-bangalore,Kannur to Bangalore
Ashoka Travel and Logistics,A/C Semi Sleeper (2+2),21:00,05:15,08h 15m,INR 1100,12 Seats available,"4.1
106",https://www.redbus.in/bus-tickets/kannur-to-bangalore,Kannur to Bangalore
Ashoka Travel and Logistics,NON A/C Semi Sleeper (2+2),08:00,17:30,09h 30m,INR 800,1 Seat available,"4.1
104",https://www.redbus.in/bus-tickets/kannur-to-bangalore,Kannur to Bangalore
Kalpaka Travels 1,A/C Sleeper (2+1),21:45,05:00,07h 15m,INR 1300,1 Seat available,"4.0
131",https://www.redbus.in/bus-tickets/kannur-to-bangalore,Kannur to Bangalore
NS Transports,NON A/C Sleeper (2+1),21:45,05:45,08h 00m,INR 1100,5 Seats available,"4.3
188",https://www.redbus.in/bus-tickets/kannur-to-bangalore,Kannur to Bangalore
SAAM BUS,Bharat Benz A/C Sleeper (2+1),22:00,06:00,08h 00m,1329,6 Seats available,"4.4
48",https://www.redbus.in/bus-tickets/kannur-to-bangalore,Kannur to Bangalore
Arya Travels,A/C Sleeper (2+1),21:25,05:30,08h 05m,INR 1145,14 Seats available,"3.1
125",https://www.redbus.in/bus-tickets/kannur-to-bangalore,Kannur to Bangalore
Kalpaka Travels 1,NON A/C Seater/ Sleeper (2+1),21:30,05:00,07h 30m,INR 900,3 Seats available,"4.9
14",https://www.redbus.in/bus-tickets/kannur-to-bangalore,Kannur to Bangalore
P K Travels,NON A/C Semi Sleeper (2+2),20:30,06:15,09h 45m,INR 999,12 Seats available,"3.5
51",https://www.redbus.in/bus-tickets/kannur-to-bangalore,Kannur to Bangalore
National travels and logistics,Non A/C Seater / Sleeper (2+1),21:15,05:30,08h 15m,849,23 Seats available,"3.4
56",https://www.redbus.in/bus-tickets/kannur-to-bangalore,Kannur to Bangalore
Kalpaka Travels 1,NON A/C Seater/ Sleeper (2+1),21:15,05:00,07h 45m,INR 1000,4 Seats available,"4.4
14",https://www.redbus.in/bus-tickets/kannur-to-bangalore,Kannur to Bangalore
Golden Travels,Volvo A/C Semi Sleeper (2+2),21:45,04:50,07h 05m,INR 1299,4 Seats available,"4.6
8",https://www.redbus.in/bus-tickets/kannur-to-bangalore,Kannur to Bangalore
KSRTC (Kerala) - 2026,Super Express Non AC Seater Air Bus (2+2),01:32,08:02,06h 30m,INR 381,11 Seats available,3.2,https://www.redbus.in/bus-tickets/kottayam-to-kozhikode,Kottayam to Kozhikode
KSRTC (Kerala) - 1022,Super Fast Non AC Seater (2+3),03:45,10:45,07h 00m,INR 323,37 Seats available,3.2,https://www.redbus.in/bus-tickets/kottayam-to-kozhikode,Kottayam to Kozhikode
KSRTC (Kerala) - 1183,Super Fast Non AC Seater (2+3),05:00,11:30,06h 30m,INR 332,39 Seats available,"4.1
4",https://www.redbus.in/bus-tickets/kottayam-to-kozhikode,Kottayam to Kozhikode
KSRTC (Kerala) - 1871,Low Floor AC Seater 2+2,06:10,13:00,06h 50m,INR 475,6 Seats available,"3.5
8",https://www.redbus.in/bus-tickets/kottayam-to-kozhikode,Kottayam to Kozhikode
KSRTC (Kerala) - 767,Super Fast Non AC Seater (2+3),07:00,13:55,06h 55m,INR 332,49 Seats available,3.2,https://www.redbus.in/bus-tickets/kottayam-to-kozhikode,Kottayam to Kozhikode
KSRTC (Kerala) - 756,Super Fast Non AC Seater (2+3),07:15,14:35,07h 20m,INR 332,48 Seats available,3.2,https://www.redbus.in/bus-tickets/kottayam-to-kozhikode,Kottayam to Kozhikode
KSRTC (Kerala) - 725,Super Fast Non AC Seater (2+3),07:30,14:20,06h 50m,INR 332,50 Seats available,3.2,https://www.redbus.in/bus-tickets/kottayam-to-kozhikode,Kottayam to Kozhikode
KSRTC (Kerala) - 787,Super Fast Non AC Seater (2+3),07:50,15:06,07h 16m,INR 332,42 Seats available,3.2,https://www.redbus.in/bus-tickets/kottayam-to-kozhikode,Kottayam to Kozhikode
KSRTC (Kerala) - 2570,Super Fast Non AC Seater (2+3),08:10,15:25,07h 15m,INR 332,50 Seats available,3.2,https://www.redbus.in/bus-tickets/kottayam-to-kozhikode,Kottayam to Kozhikode
KSRTC (Kerala) - 2363,Low Floor AC Seater 2+2,08:25,15:15,06h 50m,INR 475,12 Seats available,3.2,https://www.redbus.in/bus-tickets/kottayam-to-kozhikode,Kottayam to Kozhikode
KSRTC (Kerala) - 2004,Super Fast Non AC Seater (2+3),09:45,18:20,08h 35m,INR 332,41 Seats available,3.2,https://www.redbus.in/bus-tickets/kottayam-to-kozhikode,Kottayam to Kozhikode
KSRTC (Kerala) - 759,Super Fast Non AC Seater (2+3),10:25,17:35,07h 10m,INR 332,50 Seats available,3.2,https://www.redbus.in/bus-tickets/kottayam-to-kozhikode,Kottayam to Kozhikode
KSRTC (Kerala) - 1885,Low Floor AC Seater 2+2,10:50,17:50,07h 00m,INR 475,14 Seats available,3.2,https://www.redbus.in/bus-tickets/kottayam-to-kozhikode,Kottayam to Kozhikode
KSRTC (Kerala) - 313,Super Fast Non AC Seater (2+3),12:00,18:45,06h 45m,INR 332,45 Seats available,"2.1
6",https://www.redbus.in/bus-tickets/kottayam-to-kozhikode,Kottayam to Kozhikode
KSRTC (Kerala) - 1119,Super Fast Non AC Seater (2+3),12:30,20:00,07h 30m,INR 332,45 Seats available,3.2,https://www.redbus.in/bus-tickets/kottayam-to-kozhikode,Kottayam to Kozhikode
EMERALD TRAVELS,Bharat Benz A/C Semi Sleeper (2+2),23:00,04:30,05h 30m,INR 800,33 Seats available,"3.2
11",https://www.redbus.in/bus-tickets/kottayam-to-kozhikode,Kottayam to Kozhikode
A1 Travels,A/C Seater / Sleeper (2+1),23:59,07:00,07h 01m,INR 750,32 Seats available,"2.8
14",https://www.redbus.in/bus-tickets/kottayam-to-kozhikode,Kottayam to Kozhikode
Ubc travels,A/C Semi Sleeper (2+2),17:30,01:00,07h 30m,INR 700,17 Seats available,3.8,https://www.redbus.in/bus-tickets/kottayam-to-kozhikode,Kottayam to Kozhikode
Ubc travels,A/C Seater/Sleeper (2+1),18:00,03:00,09h 00m,INR 900,40 Seats available,3.8,https://www.redbus.in/bus-tickets/kottayam-to-kozhikode,Kottayam to Kozhikode
Kallada Travels (Suresh Kallada),A/C Sleeper (2+1),18:15,01:25,07h 10m,INR 1100,22 Seats available,3.2,https://www.redbus.in/bus-tickets/kottayam-to-kozhikode,Kottayam to Kozhikode
KSRTC (Kerala) - 523,Super Express Non AC Seater Air Bus (2+2),00:00,02:20,02h 20m,INR 216,23 Seats available,2.9,https://www.redbus.in/bus-tickets/thrissur-to-kozhikode,Thrissur to Kozhikode
KSRTC (Kerala) - 2690,Super Fast Non AC Seater (2+3),02:15,05:30,03h 15m,INR 181,43 Seats available,2.9,https://www.redbus.in/bus-tickets/thrissur-to-kozhikode,Thrissur to Kozhikode
KSRTC (Kerala) - 2383,Low Floor AC Seater 2+2,03:05,06:10,03h 05m,INR 253,31 Seats available,2.9,https://www.redbus.in/bus-tickets/thrissur-to-kozhikode,Thrissur to Kozhikode
KSRTC (Kerala) - 795,Super Fast Non AC Seater (2+3),03:45,07:20,03h 35m,INR 181,50 Seats available,"4.6
5",https://www.redbus.in/bus-tickets/thrissur-to-kozhikode,Thrissur to Kozhikode
KSRTC (Kerala) - 1858,Low Floor AC Seater 2+2,04:45,07:50,03h 05m,INR 253,18 Seats available,"3.2
5",https://www.redbus.in/bus-tickets/thrissur-to-kozhikode,Thrissur to Kozhikode
KSRTC (Kerala) - 500,Super Express Non AC Seater Air Bus (2+2),05:05,07:25,02h 20m,INR 216,24 Seats available,"1.5
7",https://www.redbus.in/bus-tickets/thrissur-to-kozhikode,Thrissur to Kozhikode
KSRTC (Kerala) - 2026,Super Express Non AC Seater Air Bus (2+2),05:07,08:02,02h 55m,INR 216,24 Seats available,2.9,https://www.redbus.in/bus-tickets/thrissur-to-kozhikode,Thrissur to Kozhikode
KSRTC (Kerala) - 796,Super Fast Non AC Seater (2+3),05:45,09:10,03h 25m,INR 181,49 Seats available,2.9,https://www.redbus.in/bus-tickets/thrissur-to-kozhikode,Thrissur to Kozhikode
KSRTC (Kerala) - 2715,Super Fast Non AC Seater (2+3),06:20,10:00,03h 40m,INR 181,40 Seats available,2.9,https://www.redbus.in/bus-tickets/thrissur-to-kozhikode,Thrissur to Kozhikode
KSRTC (Kerala) - 2386,Low Floor AC Seater 2+2,06:49,10:09,03h 20m,INR 253,19 Seats available,2.9,https://www.redbus.in/bus-tickets/thrissur-to-kozhikode,Thrissur to Kozhikode
KSRTC (Kerala) - 1022,Super Fast Non AC Seater (2+3),07:15,10:45,03h 30m,INR 174,37 Seats available,2.9,https://www.redbus.in/bus-tickets/thrissur-to-kozhikode,Thrissur to Kozhikode
KSRTC (Kerala) - 1183,Super Fast Non AC Seater (2+3),07:55,11:30,03h 35m,INR 181,39 Seats available,2.9,https://www.redbus.in/bus-tickets/thrissur-to-kozhikode,Thrissur to Kozhikode
KSRTC (Kerala) - 1869,Low Floor AC Seater 2+2,08:55,12:00,03h 05m,INR 253,26 Seats available,"3.6
6",https://www.redbus.in/bus-tickets/thrissur-to-kozhikode,Thrissur to Kozhikode
KSRTC (Kerala) - 343,Super Fast Non AC Seater (2+3),09:50,13:25,03h 35m,INR 181,43 Seats available,2.9,https://www.redbus.in/bus-tickets/thrissur-to-kozhikode,Thrissur to Kozhikode
KSRTC (Kerala) - 1871,Low Floor AC Seater 2+2,09:55,13:00,03h 05m,INR 253,9 Seats available,2.9,https://www.redbus.in/bus-tickets/thrissur-to-kozhikode,Thrissur to Kozhikode
KSRTC (Kerala) - 691,Super Fast Non AC Seater (2+3),10:00,13:25,03h 25m,INR 181,47 Seats available,2.9,https://www.redbus.in/bus-tickets/thrissur-to-kozhikode,Thrissur to Kozhikode
KSRTC (Kerala) - 767,Super Fast Non AC Seater (2+3),10:20,13:55,03h 35m,INR 181,49 Seats available,2.9,https://www.redbus.in/bus-tickets/thrissur-to-kozhikode,Thrissur to Kozhikode
KSRTC (Kerala) - 821,Super Fast Non AC Seater (2+3),10:40,14:15,03h 35m,INR 181,42 Seats available,2.9,https://www.redbus.in/bus-tickets/thrissur-to-kozhikode,Thrissur to Kozhikode
KSRTC (Kerala) - 725,Super Fast Non AC Seater (2+3),10:45,14:20,03h 35m,INR 181,50 Seats available,2.9,https://www.redbus.in/bus-tickets/thrissur-to-kozhikode,Thrissur to Kozhikode
KSRTC (Kerala) - 756,Super Fast Non AC Seater (2+3),10:50,14:35,03h 45m,INR 181,48 Seats available,2.9,https://www.redbus.in/bus-tickets/thrissur-to-kozhikode,Thrissur to Kozhikode
Sheraton Tours and Travels,A/C Seater/Sleeper (2+1),22:27,01:45,03h 18m,480,23 Seats available,4.3,https://www.redbus.in/bus-tickets/thrissur-to-kozhikode,Thrissur to Kozhikode
Kallada Travels (Suresh Kallada),A/C Sleeper (2+1),01:15,04:30,03h 15m,INR 900,9 Seats available,3.2,https://www.redbus.in/bus-tickets/thrissur-to-kozhikode,Thrissur to Kozhikode
Ubc travels,A/C Semi Sleeper (2+2),22:30,01:00,02h 30m,INR 700,17 Seats available,3.8,https://www.redbus.in/bus-tickets/thrissur-to-kozhikode,Thrissur to Kozhikode
Kallada Travels (Suresh Kallada),A/C Sleeper (2+1),22:31,01:25,02h 54m,INR 1100,23 Seats available,3.2,https://www.redbus.in/bus-tickets/thrissur-to-kozhikode,Thrissur to Kozhikode
Adrin Travels,A/C Seater/Sleeper (2+1),23:05,02:00,02h 55m,INR 1000,31 Seats available,4.0,https://www.redbus.in/bus-tickets/thrissur-to-kozhikode,Thrissur to Kozhikode
KSRTC (Kerala) - 588,Super Express Non AC Seater Air Bus (2+2),00:00,02:30,02h 30m,INR 129,38 Seats available,4.1,https://www.redbus.in/bus-tickets/kozhikode-to-kalpetta,Kozhikode to Kalpetta (kerala)
KSRTC (Kerala) - 994,Super Fast Non AC Seater (2+3),00:05,02:14,02h 09m,INR 108,43 Seats available,4.1,https://www.redbus.in/bus-tickets/kozhikode-to-kalpetta,Kozhikode to Kalpetta (kerala)
KSRTC (Kerala) - 561,Super Express Non AC Seater Air Bus (2+2),00:50,03:10,02h 20m,INR 129,22 Seats available,4.1,https://www.redbus.in/bus-tickets/kozhikode-to-kalpetta,Kozhikode to Kalpetta (kerala)
KSRTC (Kerala) - 1377,AC MULTI AXLE,01:10,02:35,01h 25m,INR 227,26 Seats available,4.1,https://www.redbus.in/bus-tickets/kozhikode-to-kalpetta,Kozhikode to Kalpetta (kerala)
KSRTC (Kerala) - 819,Super Fast Non AC Seater (2+3),01:45,04:00,02h 15m,INR 111,47 Seats available,4.1,https://www.redbus.in/bus-tickets/kozhikode-to-kalpetta,Kozhikode to Kalpetta (kerala)
KSRTC (Kerala) - 2131,Super Express Non AC Seater Air Bus (2+2),01:50,03:40,01h 50m,INR 129,34 Seats available,4.1,https://www.redbus.in/bus-tickets/kozhikode-to-kalpetta,Kozhikode to Kalpetta (kerala)
KSRTC (Kerala) - 559,Super Express Non AC Seater Air Bus (2+2),02:10,03:35,01h 25m,INR 145,39 Seats available,4.1,https://www.redbus.in/bus-tickets/kozhikode-to-kalpetta,Kozhikode to Kalpetta (kerala)
KSRTC (Kerala) - 811,Super Fast Non AC Seater (2+3),02:20,04:25,02h 05m,INR 111,49 Seats available,4.1,https://www.redbus.in/bus-tickets/kozhikode-to-kalpetta,Kozhikode to Kalpetta (kerala)
KSRTC (Kerala) - 2071,Super Express Non AC Seater Air Bus (2+2),02:30,04:00,01h 30m,INR 145,37 Seats available,4.1,https://www.redbus.in/bus-tickets/kozhikode-to-kalpetta,Kozhikode to Kalpetta (kerala)
KSRTC (Kerala) - 408,Super Express Non AC Seater Air Bus (2+2),02:45,04:10,01h 25m,INR 145,36 Seats available,4.1,https://www.redbus.in/bus-tickets/kozhikode-to-kalpetta,Kozhikode to Kalpetta (kerala)
KSRTC (Kerala) - 377,AC MULTI AXLE,02:49,04:09,01h 20m,INR 227,46 Seats available,4.1,https://www.redbus.in/bus-tickets/kozhikode-to-kalpetta,Kozhikode to Kalpetta (kerala)
KSRTC (Kerala) - 585,Super Express Non AC Seater Air Bus (2+2),02:55,05:00,02h 05m,INR 129,35 Seats available,4.1,https://www.redbus.in/bus-tickets/kozhikode-to-kalpetta,Kozhikode to Kalpetta (kerala)
KSRTC (Kerala) - 368,AC MULTI AXLE,03:05,04:20,01h 15m,INR 227,35 Seats available,4.1,https://www.redbus.in/bus-tickets/kozhikode-to-kalpetta,Kozhikode to Kalpetta (kerala)
KSRTC (Kerala) - 352,Super Fast Non AC Seater (2+3),03:10,05:10,02h 00m,INR 111,49 Seats available,4.1,https://www.redbus.in/bus-tickets/kozhikode-to-kalpetta,Kozhikode to Kalpetta (kerala)
KSRTC (Kerala) - 1126,Super Fast Non AC Seater (2+3),03:16,05:16,02h 00m,INR 108,43 Seats available,4.1,https://www.redbus.in/bus-tickets/kozhikode-to-kalpetta,Kozhikode to Kalpetta (kerala)
KSRTC (Kerala) - 43,Swift Deluxe Non AC Air Bus (2+2),03:21,05:06,01h 45m,INR 145,37 Seats available,4.1,https://www.redbus.in/bus-tickets/kozhikode-to-kalpetta,Kozhikode to Kalpetta (kerala)
KSRTC (Kerala) - 411,Super Express Non AC Seater Air Bus (2+2),03:31,04:56,01h 25m,INR 145,36 Seats available,4.1,https://www.redbus.in/bus-tickets/kozhikode-to-kalpetta,Kozhikode to Kalpetta (kerala)
KSRTC (Kerala) - 507,Super Express Non AC Seater Air Bus (2+2),03:35,04:55,01h 20m,INR 145,32 Seats available,4.1,https://www.redbus.in/bus-tickets/kozhikode-to-kalpetta,Kozhikode to Kalpetta (kerala)
KSRTC (Kerala) - 2471,Garuda Premium,04:00,06:00,02h 00m,INR 1212,25 Seats available,4.1,https://www.redbus.in/bus-tickets/kozhikode-to-kalpetta,Kozhikode to Kalpetta (kerala)
KSRTC (Kerala) - 672,Super Fast Non AC Seater (2+3),04:15,06:00,01h 45m,INR 111,50 Seats available,4.1,https://www.redbus.in/bus-tickets/kozhikode-to-kalpetta,Kozhikode to Kalpetta (kerala)
Cochin Express,A/C Sleeper (2+1),02:30,06:14,03h 44m,INR 900,13 Seats available,4.0,https://www.redbus.in/bus-tickets/kozhikode-to-kalpetta,Kozhikode to Kalpetta (kerala)
Cochin Express,Volvo Multi-Axle B9R A/c Semi Sleeper (2+2),02:20,04:45,02h 25m,INR 600,33 Seats available,4.0,https://www.redbus.in/bus-tickets/kozhikode-to-kalpetta,Kozhikode to Kalpetta (kerala)
LIYAS TOURS,Bharat Benz A/C Sleeper (2+1),03:40,05:25,01h 45m,1199,22 Seats available,4.0,https://www.redbus.in/bus-tickets/kozhikode-to-kalpetta,Kozhikode to Kalpetta (kerala)
Cochin Express,A/C Sleeper (2+1),02:30,04:45,02h 15m,INR 900,13 Seats available,4.0,https://www.redbus.in/bus-tickets/kozhikode-to-kalpetta,Kozhikode to Kalpetta (kerala)
Cochin Express,Volvo Multi-Axle B9R A/c Semi Sleeper (2+2),02:20,04:45,02h 25m,INR 600,33 Seats available,4.0,https://www.redbus.in/bus-tickets/kozhikode-to-kalpetta,Kozhikode to Kalpetta (kerala)
KSRTC (Kerala) - 1077,Super Fast Non AC Seater (2+3),03:50,05:50,02h 00m,INR 111,44 Seats available,3.6,https://www.redbus.in/bus-tickets/kalpetta-to-kozhikode,Kalpetta (kerala) to Kozhikode
KSRTC (Kerala) - 794,Super Fast Non AC Seater (2+3),04:45,06:40,01h 55m,INR 111,49 Seats available,3.6,https://www.redbus.in/bus-tickets/kalpetta-to-kozhikode,Kalpetta (kerala) to Kozhikode
KSRTC (Kerala) - 1586,Super Express Non AC Seater Air Bus (2+2),04:46,06:36,01h 50m,INR 145,37 Seats available,3.6,https://www.redbus.in/bus-tickets/kalpetta-to-kozhikode,Kalpetta (kerala) to Kozhikode
KSRTC (Kerala) - 1992,Super Fast Non AC Seater (2+3),05:05,07:35,02h 30m,INR 111,50 Seats available,3.6,https://www.redbus.in/bus-tickets/kalpetta-to-kozhikode,Kalpetta (kerala) to Kozhikode
KSRTC (Kerala) - 2006,Super Fast Non AC Seater (2+3),06:15,08:35,02h 20m,INR 111,48 Seats available,3.6,https://www.redbus.in/bus-tickets/kalpetta-to-kozhikode,Kalpetta (kerala) to Kozhikode
KSRTC (Kerala) - 761,Super Fast Non AC Seater (2+3),06:40,08:45,02h 05m,INR 113,48 Seats available,3.6,https://www.redbus.in/bus-tickets/kalpetta-to-kozhikode,Kalpetta (kerala) to Kozhikode
KSRTC (Kerala) - 813,Super Fast Non AC Seater (2+3),07:15,09:40,02h 25m,INR 111,43 Seats available,3.6,https://www.redbus.in/bus-tickets/kalpetta-to-kozhikode,Kalpetta (kerala) to Kozhikode
KSRTC (Kerala) - 353,Super Fast Non AC Seater (2+3),07:50,10:15,02h 25m,INR 111,46 Seats available,3.6,https://www.redbus.in/bus-tickets/kalpetta-to-kozhikode,Kalpetta (kerala) to Kozhikode
KSRTC (Kerala) - 713,Super Fast Non AC Seater (2+3),07:55,10:45,02h 50m,INR 111,50 Seats available,3.6,https://www.redbus.in/bus-tickets/kalpetta-to-kozhikode,Kalpetta (kerala) to Kozhikode
KSRTC (Kerala) - 822,Super Fast Non AC Seater (2+3),08:05,10:45,02h 40m,INR 111,38 Seats available,3.6,https://www.redbus.in/bus-tickets/kalpetta-to-kozhikode,Kalpetta (kerala) to Kozhikode
KSRTC (Kerala) - 1255,Super Fast Non AC Seater (2+3),08:35,10:35,02h 00m,INR 111,43 Seats available,3.6,https://www.redbus.in/bus-tickets/kalpetta-to-kozhikode,Kalpetta (kerala) to Kozhikode
KSRTC (Kerala) - 773,Super Fast Non AC Seater (2+3),08:50,10:55,02h 05m,INR 111,46 Seats available,3.6,https://www.redbus.in/bus-tickets/kalpetta-to-kozhikode,Kalpetta (kerala) to Kozhikode
KSRTC (Kerala) - 991,Super Fast Non AC Seater (2+3),10:05,12:50,02h 45m,INR 108,39 Seats available,3.6,https://www.redbus.in/bus-tickets/kalpetta-to-kozhikode,Kalpetta (kerala) to Kozhikode
KSRTC (Kerala) - 1023,Super Fast Non AC Seater (2+3),10:05,12:40,02h 35m,INR 108,35 Seats available,3.6,https://www.redbus.in/bus-tickets/kalpetta-to-kozhikode,Kalpetta (kerala) to Kozhikode
KSRTC (Kerala) - 894,Super Fast Non AC Seater (2+3),10:41,13:11,02h 30m,INR 108,32 Seats available,3.6,https://www.redbus.in/bus-tickets/kalpetta-to-kozhikode,Kalpetta (kerala) to Kozhikode
Cochin Express,A/C Sleeper (2+1),22:30,23:59,01h 29m,INR 850,10 Seats available,4.0,https://www.redbus.in/bus-tickets/kalpetta-to-kozhikode,Kalpetta (kerala) to Kozhikode
Cochin Express,A/C Sleeper (2+1),22:30,23:59,01h 29m,INR 850,10 Seats available,4.0,https://www.redbus.in/bus-tickets/kalpetta-to-kozhikode,Kalpetta (kerala) to Kozhikode
Sonia Travels,A/C Semi Sleeper (2+2),21:30,23:40,02h 10m,INR 350,1 Seat available,3.8,https://www.redbus.in/bus-tickets/kalpetta-to-kozhikode,Kalpetta (kerala) to Kozhikode
Sonia Travels,A/C Seater/Sleeper (2+1),21:30,23:29,01h 59m,INR 750,22 Seats available,3.8,https://www.redbus.in/bus-tickets/kalpetta-to-kozhikode,Kalpetta (kerala) to Kozhikode
Sonia Travels,A/C Seater/Sleeper (2+1),19:30,23:29,03h 59m,INR 750,22 Seats available,3.8,https://www.redbus.in/bus-tickets/kalpetta-to-kozhikode,Kalpetta (kerala) to Kozhikode
